album_id,title,artist_id,spotify_id
000YOrgQoB5IiiH95Yb8vY,The Road,artist:5e640c3e-4a97-4028-cc7f-3b2209ebcb6d,000YOrgQoB5IiiH95Yb8vY
000f3dTtvpazVzv35NuZmn,"Make It Fast, Make It Slow (Soundway Records)",artist:760061f6-bfde-75c2-9af1-2f252d4d3345,000f3dTtvpazVzv35NuZmn
006AgHXrEw13oyg0D8evRa,Bad Boy Greatest Hits Vol. 1,artist:7f6ffaa6-bb0b-4080-17b6-2254211691b5,006AgHXrEw13oyg0D8evRa
006XcK33PV5wCV9g629nYA,A.E.I.O.U.R.E.M.I.X.E.S,artist:321c84ad-55f9-0817-8779-9b087216a2ae,006XcK33PV5wCV9g629nYA
006qPzTTwYGb4t4glyTaLw,Bratva iv - Hololo,artist:60089ca0-c506-a23b-4138-2ab9ec655173,006qPzTTwYGb4t4glyTaLw
006wfSK6TYpZIFU9yEzPEo,Let Me Down,artist:41e65597-a7bd-9945-97fb-b98cf6779c19,006wfSK6TYpZIFU9yEzPEo
007354CLF8nvIbRN7Gwns9,Different Place,artist:de8951d7-767a-98d1-5ef0-65faa35d284b,007354CLF8nvIbRN7Gwns9
008YlPoRP6UXxI7L5rKzuZ,Into The Wild,artist:bf73d632-dc6d-a534-3551-1440f4c43e87,008YlPoRP6UXxI7L5rKzuZ
00AVS4xDGxD61LgiIkDaN7,OTRA COSA,artist:43f2caee-e6d1-ecec-2ec7-8d7d9adee41d,00AVS4xDGxD61LgiIkDaN7
00DKwMpzeC9SVGOJ7NQrnp,Aquaman,artist:a9418fa3-7bfb-b7c5-a79c-b29e524cc6a6,00DKwMpzeC9SVGOJ7NQrnp
00EOQfdcSXeO6z4kVDDR5o,Young And Beautiful [Lana Del Rey vs. Cedric Gervais] (Cedric Gervais Remix Radio Edit),artist:6843f1ff-fdc2-bf82-a7dc-08584717b008,00EOQfdcSXeO6z4kVDDR5o
00F2WYqMkwJIEvfsHToDoA,Tremor (Sensation 2014 Anthem),artist:546fbe0b-0a04-1f3c-72ce-f8401cec38a0,00F2WYqMkwJIEvfsHToDoA
00Gbe3lGwcNlWn9JvlvBhD,Mil historias,artist:4c74e7e7-1d22-7d7a-5b17-d5892c200c02,00Gbe3lGwcNlWn9JvlvBhD
00JqqbMAn0sReZIOz44jiu,Nur Noch Nice,artist:7df5710a-85cb-02d1-53b6-2ec188635595,00JqqbMAn0sReZIOz44jiu
00N0PKZnGha0hFnUF6IZ5k,Treat You Better (Ashworth Remix),artist:56ba83e4-b88a-0631-fb9b-7724b4795b74,00N0PKZnGha0hFnUF6IZ5k
00NABajpGsPCObfcl4LJsM,My Love Is Your Love,artist:f4946232-4c73-a2b0-ca74-becbf7b1fe7d,00NABajpGsPCObfcl4LJsM
00PSvUy1DSQCnMfe1mDLUZ,Self-Titled Album,artist:a207e4b4-41b7-54cf-2d69-3cfd69a8fcaa,00PSvUy1DSQCnMfe1mDLUZ
00PVyz795j3wR1Q2FEyWcp,Bring It To Me,artist:981c9130-e147-b957-4794-61fec9fb31de,00PVyz795j3wR1Q2FEyWcp
00Q2DyNThd3k0CrmAs2fNG,Kung Fu,artist:f5f856fb-a3a4-bd16-ee6e-f8796e466811,00Q2DyNThd3k0CrmAs2fNG
00SUSEqaqVOfp4tGh9Mryn,Brass 2.0,artist:0586897f-d31f-9fdf-6e3e-dcf7071a091c,00SUSEqaqVOfp4tGh9Mryn
00TVWXNj7RLb6WDWjRVtDL,Don't Start Now (Kungs Remix),artist:f40312bf-efb2-5034-0360-eada74cb64c4,00TVWXNj7RLb6WDWjRVtDL
00UHyngepmD0QYZ0rK3anF,Journey,artist:5672adea-9ade-0e07-130e-daacd3f3dc1d,00UHyngepmD0QYZ0rK3anF
00VG9OxHB1YBdR1ZhrHVa6,Fiya,artist:aa2d084c-572f-cef8-5706-883a05d06d01,00VG9OxHB1YBdR1ZhrHVa6
00VnJHmQiiNc9Oe4XPk1hU,Large Bag (feat. Offset & Jadakiss),artist:8696ad3c-d2e9-2996-86e7-1422ecde48d5,00VnJHmQiiNc9Oe4XPk1hU
00XMrHZoOsYLmiyx890axX,Speakerboxxx/The Love Below,artist:0b7e5b0b-78d5-17a3-851f-bd07b718b1d2,00XMrHZoOsYLmiyx890axX
00YXCy07JtImfl3xB1m5X2,Hardwell presents Revealed Vol. 10,artist:9bbd98e8-3d68-134c-f2bd-85efa10645a3,00YXCy07JtImfl3xB1m5X2
00a3rILHZaEmRAiyxmKs10,Inside The Hidden Room,artist:f7383f30-3dbb-80d7-0dd7-e1753889b844,00a3rILHZaEmRAiyxmKs10
00aPN15QfVpKCu4oCDuBfb,Johnny O (Deluxe Edition),artist:9d9ef74e-d9f5-6517-97fa-f930714a874e,00aPN15QfVpKCu4oCDuBfb
00cZAqb57SRmKrcpFYWuye,Golden Moments,artist:78cf375f-93f8-45a0-fc54-7014546757a2,00cZAqb57SRmKrcpFYWuye
00eiw4KOJZ7eC3NBEpmH4C,Use Your Illusion II,artist:92b1eec2-666f-1b55-44e3-a7fee11737a6,00eiw4KOJZ7eC3NBEpmH4C
00hYcSKigzR016vKD63ysl,La Linda,artist:312433c5-80ca-f3b9-6632-c60805796f5f,00hYcSKigzR016vKD63ysl
00kSgH9g6nYBQhjnRQFBew,Battle Of The Sexes (Deluxe),artist:2893c525-79d0-37d4-e882-18bde7e01aad,00kSgH9g6nYBQhjnRQFBew
00lk0dGMhyu40RBQGKiTr0,Thru These Tears / I Don’t Wanna Love You Anymore,artist:e943e3f5-4709-2829-69f8-4360b21d5a16,00lk0dGMhyu40RBQGKiTr0
00lyZYZv9DXihmbMpcNjMb,The Definitive Collection,artist:6fe67cd1-228f-b7f9-fc40-c999c4177194,00lyZYZv9DXihmbMpcNjMb
00pJz5yeIZNinzXBNZQNjB,Duffle Bag Boy (Explicit Version),artist:fa2be42f-c963-2e17-7409-4599197db812,00pJz5yeIZNinzXBNZQNjB
00pu0U5MOZw6NGQygroPvd,Put EM Up,artist:f605c0b6-4a7f-2114-9516-731264f2bbe9,00pu0U5MOZw6NGQygroPvd
00qCxnQQPsveeZWZaNVWo0,The Love Experience,artist:eb7ad368-901c-884a-704b-d994641397dc,00qCxnQQPsveeZWZaNVWo0
00rLhuzj6YdBUKKnF8f4mo,EVOL,artist:da907a1b-8f74-e692-2d93-b025eecfb852,00rLhuzj6YdBUKKnF8f4mo
00rcJMuYMSrKDj1oKpzTCM,"Pode Me Esperar (feat. Meucci, Tasdan & Agatha)",artist:dd78108d-2f72-83a9-534e-1de8d74e4c9a,00rcJMuYMSrKDj1oKpzTCM
00sZIJm0igl6aBYNktEuSy,Home,artist:b9147e9c-f9a5-e103-0196-5d499cd211e6,00sZIJm0igl6aBYNktEuSy
00sv6j33F2pAAvnoh5eOSX,Find You (RAMI Remix),artist:05581a5b-ab56-3950-72a1-e6b147b3602c,00sv6j33F2pAAvnoh5eOSX
00tCy4SMjRgPKj9zay9DIk,Regulate...G Funk Era,artist:cc2a781f-1a80-4c2a-bfa7-e535d101b5cb,00tCy4SMjRgPKj9zay9DIk
00tuL4qPxBs3w8S1BaG3Zv,Outside Society,artist:be624fe6-b786-4f32-3a29-d0dab68743ba,00tuL4qPxBs3w8S1BaG3Zv
00wIfIEWOqJ2RFrRazVl0i,"Hearts Ain't Gonna Lie (Remixes, Pt. 1)",artist:dd79e09f-77b1-03e6-2844-a7751cd759fa,00wIfIEWOqJ2RFrRazVl0i
00wq3NzuxxDBc0tXtZGda9,Got You Babe (Erlandsson Remix),artist:e27b5207-b6d1-5b0f-e788-527a419e401e,00wq3NzuxxDBc0tXtZGda9
00xSEAMEAPTF17t2rdOFYF,The Git Up,artist:3cdce646-c937-3ec7-1372-643d556cf95e,00xSEAMEAPTF17t2rdOFYF
00yTqwPxJaPcjZeAwvW7is,We Will Recover,artist:6e15fd2f-519f-2cd6-8750-d3d46858da74,00yTqwPxJaPcjZeAwvW7is
00zPgHqu8TmPJA47iQY8gs,Runnin' (Dying To Live),artist:0f82983e-3dd5-2ca5-5e7d-21966d437014,00zPgHqu8TmPJA47iQY8gs
011iiGYooEuNN0c4770O6q,Bitch Lasagna,artist:c83e9868-1411-8cb3-4e3b-df0bbd12ab55,011iiGYooEuNN0c4770O6q
011s8kJjxflUbOSvArwjRY,Iwoak,artist:f713bb7d-c56b-da2a-87ae-0d87d0b7cdb1,011s8kJjxflUbOSvArwjRY
0158q1gcMUvS6PFPYkxpTe,Una vez más,artist:2937b467-3e4e-4dec-ec2b-a6cedd7230f0,0158q1gcMUvS6PFPYkxpTe
017W32dwhj2rGVWkZkwVSu,Cluster EP,artist:a0cc8da2-1ba3-3496-e81e-576d477a1f7f,017W32dwhj2rGVWkZkwVSu
018E4Cu0mlyMNR1IZcYMx6,Lick It Up (Remastered Version),artist:4188679c-1d8a-284c-cc41-a6b601869e05,018E4Cu0mlyMNR1IZcYMx6
018XQ1P5cLeJPhIeH4xL4l,Haciendo Escante,artist:afe99ab8-2036-e2c9-6ab0-a164a184dae9,018XQ1P5cLeJPhIeH4xL4l
01ChjoiBlN7bBmsvrzuzlo,Love Is Not Sex,artist:400ce9e5-1ecd-d337-f018-5b244342ee18,01ChjoiBlN7bBmsvrzuzlo
01DU4Brb6WmObvkqdsVWiN,Indestructible,artist:6b818a3a-6bf1-234e-d24c-940021922b63,01DU4Brb6WmObvkqdsVWiN
01FqJwpa24Vfb8DI6sZI6B,Pronounced Jah-Nay,artist:31237d35-c61d-f3d3-cdcf-52e4ccab55fd,01FqJwpa24Vfb8DI6sZI6B
01GXagELExsfYmrdJ2kgh7,Easy on Me,artist:8e652d80-e38f-36ea-08eb-0f7e672147f0,01GXagELExsfYmrdJ2kgh7
01IEzYjpPJfU8P7uTPiHmx,Magenta Riddim,artist:68b2213e-b9a1-78fa-378e-a6b1de4145ad,01IEzYjpPJfU8P7uTPiHmx
01IaGgpoFhPrIKPE3fAbps,Recognise,artist:7f6766dd-b9d2-8683-154c-7046e3c1fbbe,01IaGgpoFhPrIKPE3fAbps
01NWxx8CkzwkHQxGXqR2HB,Sideshow,artist:d71556ea-f304-59e9-ed17-319a841312ba,01NWxx8CkzwkHQxGXqR2HB
01OahkTPRCleDjobtRk7ST,Boston,artist:6aecdfe8-b004-d1e8-cb1e-42c4414687a9,01OahkTPRCleDjobtRk7ST
01PhXmyyzAVc5bkcgS2cms,Yo Se Que Tu Quieres (feat. Ñengo Flow),artist:d50ccf79-efb2-6d54-641b-f6794ebf0c80,01PhXmyyzAVc5bkcgS2cms
01QZJ5r1vcjiU9GgpGfLIX,Voices Carry,artist:da7def53-ed27-e053-cff2-85508847caae,01QZJ5r1vcjiU9GgpGfLIX
01SDKB7wiuxAQJ51wPV8Aj,Stax Classics,artist:b3b13a2b-07ea-8113-8ee2-b37b9968caf1,01SDKB7wiuxAQJ51wPV8Aj
01SkyAcTlSdHNE6Vm8z6tq,That's Just Me,artist:a83a74c2-f655-6fb1-549e-c46d6947b173,01SkyAcTlSdHNE6Vm8z6tq
01U3A4v42WpUKLrLLG6IlQ,Face to Face,artist:af9571f3-7c6f-5f9a-7927-632010776ba0,01U3A4v42WpUKLrLLG6IlQ
01aNLzRaKJogmxt3hDeII2,Underdog,artist:53e803d1-8476-c797-81a7-925f14af5b81,01aNLzRaKJogmxt3hDeII2
01akT8TopYGRiYtyeN0qTU,Me Enamoré De Ti,artist:70526125-6134-e0ca-50f5-d4ccdd90aa9b,01akT8TopYGRiYtyeN0qTU
01c1PLpIdfwy47yid7GqKB,Head To The Sky,artist:a91d7d06-0c21-65b5-e575-5b706ed9e143,01c1PLpIdfwy47yid7GqKB
01cD5X3u8Iv4gWFHmrWYfK,Dome,artist:985ee75d-368d-2718-c09f-84048299f769,01cD5X3u8Iv4gWFHmrWYfK
01dJRWQe9M8Hr1hTrMelz8,Unbroken (feat. Gia Koka),artist:f81858b2-e07d-6bc5-8801-ffd55ef10382,01dJRWQe9M8Hr1hTrMelz8
01dkVTJhjXbhGCW4VUelmq,Suavemente,artist:a80377e0-3993-1651-76fb-184d7b796044,01dkVTJhjXbhGCW4VUelmq
01droebOkIprq7RktcmMjs,II,artist:e15a18a4-4c61-d44e-2d7c-c2846f454315,01droebOkIprq7RktcmMjs
01ebUKWh4BL9IENdRlacII,EL OG,artist:c42a7d08-1654-a8db-a3b0-77653800d63e,01ebUKWh4BL9IENdRlacII
01fWUTXKGnFAsm0v4qWZwD,The Anthology,artist:edb3caab-5a32-03f4-63be-d4309441c4f2,01fWUTXKGnFAsm0v4qWZwD
01ggQGlQ4i7SksCQ2fgLwn,Malibu (Tiësto Remix),artist:5abffb37-857a-2f03-c7b6-0ac7ac792a42,01ggQGlQ4i7SksCQ2fgLwn
01hkRLtMJmQX2vjvT02T1c,Armageddon,artist:bbc9cf60-739f-001d-1e4f-553caf86a6e1,01hkRLtMJmQX2vjvT02T1c
01hp4DvayKlnqUQrmk0vvz,A Fever You Can't Sweat Out,artist:dcedddd6-e1a0-d487-0abf-555f938d9c10,01hp4DvayKlnqUQrmk0vvz
01iw3ZO4AQKvvIjXq5wPEL,Wild One - The Very Best Of Thin Lizzy (Remastered Version),artist:4d56b83d-690b-7929-36ac-ade516ff511b,01iw3ZO4AQKvvIjXq5wPEL
01jdXmJaiRf52DRqTExXhY,25,artist:372c2c6f-7ed4-f0b4-75a3-31b9e6fd18c2,01jdXmJaiRf52DRqTExXhY
01lCYPIxn1R8RZlcXzF5Mf,R&B Christmas Volume 1,artist:40b8e74d-c062-ddb7-978f-ba08fb787f3f,01lCYPIxn1R8RZlcXzF5Mf
01mXRaNPZE3zowFECJtngj,Bitch Better Have My Money (R3hab Remix),artist:0588499a-7fad-c0d7-4996-e5c65a6624c3,01mXRaNPZE3zowFECJtngj
01nV3KuocS1NJHTsJbPkTO,Una Vaina Loca,artist:8f6f4e80-72f8-e89f-fd21-759cf54218d8,01nV3KuocS1NJHTsJbPkTO
01odf9OctepGIrFnhABvDY,To Be Continued,artist:48a867be-24a6-e663-4771-572d200ea990,01odf9OctepGIrFnhABvDY
01riz9JMpPdL99fYhoZaph,Where I Wanna Be,artist:9ec66d14-01f7-48c8-a504-1d97f65d97a2,01riz9JMpPdL99fYhoZaph
01sfgrNbnnPUEyz6GZYlt9,Dua Lipa (Deluxe),artist:f40312bf-efb2-5034-0360-eada74cb64c4,01sfgrNbnnPUEyz6GZYlt9
01uabHpYa9AA55wc6AwRQL,In Colour,artist:aba7774d-c264-b257-1e36-06afe669c5a0,01uabHpYa9AA55wc6AwRQL
01wwlmULNFwk6YZ8riFRfL,Gold Skies (Remixes),artist:6708c580-ed7e-abf1-24c6-5af15952a198,01wwlmULNFwk6YZ8riFRfL
01yYW0rRRwlEZx1dMmc5ff,Para Aventuras y Curiosidades,artist:f48d78ff-b354-2aaf-72f8-283cd7791243,01yYW0rRRwlEZx1dMmc5ff
0215X8WQ3ZOnfbt5Djz9xG,Watch Me (featuring Bella Thorne and Zendaya),artist:015ce544-eda7-5911-fa67-fdbbeafcc7ca,0215X8WQ3ZOnfbt5Djz9xG
021zMZKO2pUA3yoUQFW2uy,These Days...,artist:ae4fc9bd-528c-315e-ad6c-0538b1b1c49b,021zMZKO2pUA3yoUQFW2uy
022DrG7Wp2PSCwzuD0bSzT,American Beauty/American Psycho,artist:e7c6c1f2-5dd7-986f-3166-0373e07d9a5a,022DrG7Wp2PSCwzuD0bSzT
022bcs9M1gbI4143EDXwRN,Hello Hello,artist:2f8e6f42-3b1a-812f-b5f4-521ece125f11,022bcs9M1gbI4143EDXwRN
023KmMyB2DNZR3V8YKoET9,Astronaut In The Ocean,artist:afb92e0a-9f73-4759-abc9-5e7a5e92b75a,023KmMyB2DNZR3V8YKoET9
024iTh1noiKGAlewjTSC5n,Colour Collection (International Version),artist:054b3d4e-8d7a-b15a-cb7a-cbafea85a5f3,024iTh1noiKGAlewjTSC5n
024mTxHsRmbydSnSlXkaZ8,Como el Agua,artist:4dd48ee3-45b0-a6c5-a4ba-b053c8803cb8,024mTxHsRmbydSnSlXkaZ8
025XBuNQPx0m9B9PjDst82,Outro (Que É Você),artist:01c8ab65-d935-5e43-2d8b-cba313b33fe5,025XBuNQPx0m9B9PjDst82
025njwSJ67gymZaZ7i3rHh,Lines of the Broken,artist:389f8a5c-a3a1-56b6-a7b6-75d20c30825d,025njwSJ67gymZaZ7i3rHh
026GOYnOrorVFNmigW0SD3,Mi Ex,artist:86e91f51-c01a-1c87-55ba-26159966f93c,026GOYnOrorVFNmigW0SD3
