track_id,spotify_id,track_artist,title,release_year,track_age_days
spotify:track:0yLdNVWF3Srea0uzk55zFn,0yLdNVWF3Srea0uzk55zFn,Miley Cyrus,Flowers,2023,1121
spotify:track:4nrPB8O7Y7wsOCJdgXkthe,4nrPB8O7Y7wsOCJdgXkthe,Bizarrap,"Shakira: Bzrp Music Sessions, Vol. 53",2023,1121
spotify:track:7oDd86yk8itslrA9HRP2ki,7oDd86yk8itslrA9HRP2ki,The Weeknd,Die For You - Remix,2023,1121
spotify:track:1Qrg8KqiBpW07V7PNxwwwL,1Qrg8KqiBpW07V7PNxwwwL,SZA,Kill Bill,2022,1486
spotify:track:5ww2BF9slyYgNOk37BlC4u,5ww2BF9slyYgNOk37BlC4u,Manuel Turizo,La Bachata,2022,1486
spotify:track:4uUG5RXrOk84mYEfFvj3cK,4uUG5RXrOk84mYEfFvj3cK,David Guetta,I'm Good (Blue),2022,1486
spotify:track:0WtM2NBVQNNJLh6scP13H8,0WtM2NBVQNNJLh6scP13H8,Rema,Calm Down (with Selena Gomez),2022,1486
spotify:track:0V3wPSX9ygBnCm8psDIegu,0V3wPSX9ygBnCm8psDIegu,Taylor Swift,Anti-Hero,2022,1486
spotify:track:2tTmW7RDtMQtBk7m2rYeSw,2tTmW7RDtMQtBk7m2rYeSw,Bizarrap,"Quevedo: Bzrp Music Sessions, Vol. 52",2022,1486
spotify:track:78Sw5GDo6AlGwTwanjXbGh,78Sw5GDo6AlGwTwanjXbGh,d4vd,Here With Me,2022,1486
spotify:track:65FftemJ1DbbZ45DUfHJXE,65FftemJ1DbbZ45DUfHJXE,NewJeans,OMG,2023,1121
spotify:track:3nqQXoyQOWXiESFLlDF1hG,3nqQXoyQOWXiESFLlDF1hG,Sam Smith,Unholy (feat. Kim Petras),2022,1486
spotify:track:1lRtH4FszTrwwlK5gTSbXO,1lRtH4FszTrwwlK5gTSbXO,Natanael Cano,AMG,2022,1486
spotify:track:2oiixB9QMIzhWaHGVlQx4g,2oiixB9QMIzhWaHGVlQx4g,Yandel,Yandel 150,2022,1486
spotify:track:1Y3LN4zO1Edc2EluIoSPJN,1Y3LN4zO1Edc2EluIoSPJN,Stephen Sanchez,Until I Found You (with Em Beihold) - Em Beihold Version,2022,1486
spotify:track:5XeFesFbtLpXzIVDNQP22n,5XeFesFbtLpXzIVDNQP22n,Arctic Monkeys,I Wanna Be Yours,2013,4773
spotify:track:4h9wh7iOZ0GGn8QVp4RAOB,4h9wh7iOZ0GGn8QVp4RAOB,OneRepublic,I Ain't Worried,2022,1486
spotify:track:4iZ4pt7kvcaH6Yo8UoZ4s2,4iZ4pt7kvcaH6Yo8UoZ4s2,SZA,Snooze,2022,1486
spotify:track:3r8RuvgbX9s7ammBn07D3W,3r8RuvgbX9s7ammBn07D3W,NewJeans,Ditto,2022,1486
spotify:track:0VjIjW4GlUZAMYd2vXMi3b,0VjIjW4GlUZAMYd2vXMi3b,The Weeknd,Blinding Lights,2020,2216
spotify:track:5Z2MiIZ5I3jJvvmeWMLbOQ,5Z2MiIZ5I3jJvvmeWMLbOQ,RAYE,Escapism.,2022,1486
spotify:track:4LRPiXqCikLlN15c3yImP7,4LRPiXqCikLlN15c3yImP7,Harry Styles,As It Was,2022,1486
spotify:track:2mpoNBkngUEwnaKoBhZ0vl,2mpoNBkngUEwnaKoBhZ0vl,Peso Pluma,PRC,2023,1121
spotify:track:1zsPaEkglFvxjAhrM8yhpr,1zsPaEkglFvxjAhrM8yhpr,Ozuna,Hey Mor,2022,1486
spotify:track:1xK59OXxi2TAAAbmZK0kBL,1xK59OXxi2TAAAbmZK0kBL,d4vd,Romantic Homicide,2022,1486
spotify:track:561jH07mF1jHuk7KlaeF0s,561jH07mF1jHuk7KlaeF0s,Eminem,Mockingbird,2004,8060
spotify:track:1bDbXMyjaUIooNwFE9wn0N,1bDbXMyjaUIooNwFE9wn0N,Drake,Rich Flex,2022,1486
spotify:track:5IgjP7X4th6nMNDh4akUHb,5IgjP7X4th6nMNDh4akUHb,Chris Brown,Under The Influence,2019,2582
spotify:track:73vIOb4Q7YN6HeJTbscRx5,73vIOb4Q7YN6HeJTbscRx5,Oliver Tree,Miss You,2022,1486
spotify:track:2L9N0zZnd37dwF0clgxMGI,2L9N0zZnd37dwF0clgxMGI,Lizzy McAlpine,ceilings,2022,1486
spotify:track:38UYeBLfvpnDSG9GznZdnL,38UYeBLfvpnDSG9GznZdnL,Gorillaz,Tormenta (feat. Bad Bunny),2023,1121
spotify:track:54ELExv56KCAB4UP9cOCzC,54ELExv56KCAB4UP9cOCzC,Ñengo Flow,Gato de Noche,2022,1486
spotify:track:0QHEIqNKsMoOY5urbzN48u,0QHEIqNKsMoOY5urbzN48u,Meghan Trainor,Made You Look,2022,1486
spotify:track:5odlY52u43F5BjByhxg7wg,5odlY52u43F5BjByhxg7wg,JVKE,golden hour,2022,1486
spotify:track:6BePGk3eCan4FqaW2X8Qy3,6BePGk3eCan4FqaW2X8Qy3,Tiësto,10:35,2022,1486
spotify:track:1xzi1Jcr7mEi9K2RfzLOqS,1xzi1Jcr7mEi9K2RfzLOqS,Beyoncé,CUFF IT,2022,1486
spotify:track:0CYTGMBYkwUxrj1MWDLrC5,0CYTGMBYkwUxrj1MWDLrC5,Feid,CHORRITO PA LAS ANIMAS,2022,1486
spotify:track:6Um358vY92UBv5DloTRX9L,6Um358vY92UBv5DloTRX9L,Carin Leon,Que Vuelvas,2022,1486
spotify:track:2K9kZpwD2CzTa6iiSYYOoO,2K9kZpwD2CzTa6iiSYYOoO,Marília Mendonça,Leão,2022,1486
spotify:track:1cKHdTo9u0ZymJdPGSh6nq,1cKHdTo9u0ZymJdPGSh6nq,The Weeknd,I Was Never There,2018,2947
spotify:track:5wxYxygyHpbgv0EXZuqb9V,5wxYxygyHpbgv0EXZuqb9V,j-hope,on the street (with J. Cole),2023,1121
spotify:track:6dgUya35uo964z7GZXM07g,6dgUya35uo964z7GZXM07g,Sabrina Carpenter,Nonsense,2022,1486
spotify:track:59uQI0PADDKeE6UZDTJEe8,59uQI0PADDKeE6UZDTJEe8,Morgan Wallen,Last Night,2023,1121
spotify:track:55ZATsjPlTeSTNJOuW90pW,55ZATsjPlTeSTNJOuW90pW,Cartel De Santa,Shorty Party,2023,1121
spotify:track:0u2P5u6lvoDfwTYjAADbn4,0u2P5u6lvoDfwTYjAADbn4,Billie Eilish,lovely (with Khalid),2018,2947
spotify:track:6G12ZafqofSq7YtrMqUm76,6G12ZafqofSq7YtrMqUm76,Shakira,Monotonía,2022,1486
spotify:track:1qEmFfgcLObUfQm0j1W2CK,1qEmFfgcLObUfQm0j1W2CK,Harry Styles,Late Night Talking,2022,1486
spotify:track:5QO79kh1waicV47BqGRL3g,5QO79kh1waicV47BqGRL3g,The Weeknd,Save Your Tears,2020,2216
spotify:track:7lQ8MOhq6IN2w8EYcFNSUk,7lQ8MOhq6IN2w8EYcFNSUk,Eminem,Without Me,2002,8791
spotify:track:68Dni7IE4VyPkTOH9mRWHr,68Dni7IE4VyPkTOH9mRWHr,J. Cole,No Role Modelz,2014,4408
spotify:track:0mzsLrUNazBaRfYZfjmpSV,0mzsLrUNazBaRfYZfjmpSV,Fuerza Regida,Bebe Dame,2022,1486
spotify:track:0tgVpDi06FyKpA1z0VMD4v,0tgVpDi06FyKpA1z0VMD4v,Ed Sheeran,Perfect,2017,3312
spotify:track:6UelLqGlWMcVH1E5c4H7lY,6UelLqGlWMcVH1E5c4H7lY,Harry Styles,Watermelon Sugar,2019,2582
spotify:track:2GAhgAjOhEmItWLfgisyOn,2GAhgAjOhEmItWLfgisyOn,SZA,Low,2022,1486
spotify:track:2bRKxuH1o7pTmb1y4GfdEc,2bRKxuH1o7pTmb1y4GfdEc,White Noise Baby Sleep,Clean White Noise - Loopable with no fade,2017,3312
spotify:track:09mEdoA6zrmBPgTEN5qXmN,09mEdoA6zrmBPgTEN5qXmN,The Weeknd,Call Out My Name,2018,2947
spotify:track:2eAvDnpXP5W0cVtiI0PUxV,2eAvDnpXP5W0cVtiI0PUxV,Ruth B.,Dandelions,2017,3312
spotify:track:0nJW01T7XtvILxQgC5J7Wh,0nJW01T7XtvILxQgC5J7Wh,Bruno Mars,When I Was Your Man,2012,5138
spotify:track:2CeKVsFFXG4QzA415QygGb,2CeKVsFFXG4QzA415QygGb,Feid,Feliz Cumpleaños Ferxxo,2022,1486
spotify:track:50x1Ic8CaXkYNvjmxe3WXy,50x1Ic8CaXkYNvjmxe3WXy,New West,Those Eyes,2019,2582
spotify:track:4sx6NRwL6Ol3V6m9exwGlQ,4sx6NRwL6Ol3V6m9exwGlQ,The Kid LAROI,Love Again,2023,1121
spotify:track:5MxFWjuqQIsbNWbMdMdbli,5MxFWjuqQIsbNWbMdMdbli,Arcángel,La Jumpa,2022,1486
spotify:track:5FVd6KXrgO9B3JPmC8OPst,5FVd6KXrgO9B3JPmC8OPst,Arctic Monkeys,Do I Wanna Know?,2013,4773
spotify:track:3azJifCSqg9fRij2yKIbWz,3azJifCSqg9fRij2yKIbWz,Tory Lanez,The Color Violet,2021,1851
spotify:track:3F5CgOj3wFlRv51JsHbxhe,3F5CgOj3wFlRv51JsHbxhe,Drake,Jimmy Cooks (feat. 21 Savage),2022,1486
spotify:track:7fBv7CLKzipRk6EC6TWHOB,7fBv7CLKzipRk6EC6TWHOB,The Weeknd,The Hills,2015,4043
spotify:track:0HqZX76SFLDz2aW8aiqi7G,0HqZX76SFLDz2aW8aiqi7G,Imagine Dragons,Bones,2022,1486
spotify:track:3WMj8moIAXJhHsyLaqIIHI,3WMj8moIAXJhHsyLaqIIHI,Zach Bryan,Something in the Orange,2022,1486
spotify:track:5jQI2r1RdgtuT8S3iG8zFC,5jQI2r1RdgtuT8S3iG8zFC,Taylor Swift,Lavender Haze,2022,1486
spotify:track:6OzUIp8KjuwxJnCWkXp1uL,6OzUIp8KjuwxJnCWkXp1uL,Wisin & Yandel,Besos Moja2,2022,1486
spotify:track:1yHVHoz6Ny29gbbWJYVnFt,1yHVHoz6Ny29gbbWJYVnFt,Niall Horan,Heaven,2023,1121
spotify:track:0a4MMyCrzT0En247IhqZbD,0a4MMyCrzT0En247IhqZbD,NewJeans,Hype Boy,2022,1486
spotify:track:3yfqSUWxFvZELEM4PmlwIR,3yfqSUWxFvZELEM4PmlwIR,Eminem,The Real Slim Shady,2000,9521
spotify:track:5O2P9iiztwhomNh8xkR9lJ,5O2P9iiztwhomNh8xkR9lJ,One Direction,Night Changes,2014,4408
spotify:track:4woTEX1wYOTGDqNXuavlRC,4woTEX1wYOTGDqNXuavlRC,Eminem,Superman,2002,8791
spotify:track:0pqnGHJpmpxLKifKRmU6WP,0pqnGHJpmpxLKifKRmU6WP,Imagine Dragons,Believer,2017,3312
spotify:track:2rurDawMfoKP4uHyb2kJBt,2rurDawMfoKP4uHyb2kJBt,Shakira,Te Felicito,2022,1486
spotify:track:1RDvyOk4WtPCtoqciJwVn8,1RDvyOk4WtPCtoqciJwVn8,Jung Kook,Dreamers [Music from the FIFA World Cup Qatar 2022 Official Soundtrack],2022,1486
spotify:track:6I3mqTwhRpn34SLVafSH7G,6I3mqTwhRpn34SLVafSH7G,Justin Bieber,Ghost,2021,1851
spotify:track:1418IuVKQPTYqt7QNJ9RXN,1418IuVKQPTYqt7QNJ9RXN,King,Maan Meri Jaan,2022,1486
spotify:track:0o9zmvc5f3EFApU52PPIyW,0o9zmvc5f3EFApU52PPIyW,Fujii Kaze,Shinunoga E-Wa,2020,2216
spotify:track:04CqLjewJiSAqM210vZAmT,04CqLjewJiSAqM210vZAmT,Miley Cyrus,River,2023,1121
spotify:track:6dBUzqjtbnIa1TwYbyw5CM,6dBUzqjtbnIa1TwYbyw5CM,TV Girl,Lovers Rock,2014,4408
spotify:track:7ef4DlsgrMEH11cDZd32M6,7ef4DlsgrMEH11cDZd32M6,Calvin Harris,One Kiss (with Dua Lipa),2018,2947
spotify:track:1Fid2jjqsHViMX6xNH70hE,1Fid2jjqsHViMX6xNH70hE,Seafret,Atlantis,2016,3677
spotify:track:38T0tPVZHcPZyhtOcCP7pF,38T0tPVZHcPZyhtOcCP7pF,Lil Nas X,STAR WALKIN' (League of Legends Worlds Anthem),2022,1486
spotify:track:3w3y8KPTfNeOKPiqUTakBh,3w3y8KPTfNeOKPiqUTakBh,Bruno Mars,Locked out of Heaven,2012,5138
spotify:track:6Uj1ctrBOjOas8xZXGqKk4,6Uj1ctrBOjOas8xZXGqKk4,Doja Cat,Woman,2021,1851
spotify:track:5HCyWlXZPP0y6Gqq8TgA20,5HCyWlXZPP0y6Gqq8TgA20,The Kid LAROI,STAY (with Justin Bieber),2021,1851
spotify:track:7qiZfU4dY1lWllzX7mPBI3,7qiZfU4dY1lWllzX7mPBI3,Ed Sheeran,Shape of You,2017,3312
spotify:track:50nfwKoDiSYg8zOCREWAm5,50nfwKoDiSYg8zOCREWAm5,Ed Sheeran,Shivers,2021,1851
spotify:track:2p8IUWQDrpjuFltbdgLOag,2p8IUWQDrpjuFltbdgLOag,The Weeknd,After Hours,2020,2216
spotify:track:4h4QlmocP3IuwYEj2j14p8,4h4QlmocP3IuwYEj2j14p8,Nicky Youre,Sunroof,2021,1851
spotify:track:4xqrdfXkTW4T0RauPLv3WA,4xqrdfXkTW4T0RauPLv3WA,Conan Gray,Heather,2020,2216
spotify:track:1R0a2iXumgCiFb7HEZ7gUE,1R0a2iXumgCiFb7HEZ7gUE,Taylor Swift,Don’t Blame Me,2017,3312
spotify:track:4o6v3Oooyt7HF20idztRD4,4o6v3Oooyt7HF20idztRD4,Israel & Rodolffo,Bombonzinho - Ao Vivo,2022,1486
spotify:track:0T5iIrXA4p5GsubkhuBIKV,0T5iIrXA4p5GsubkhuBIKV,Stephen Sanchez,Until I Found You,2021,1851
spotify:track:5TXDeTFVRVY7Cvt0Dw4vWW,5TXDeTFVRVY7Cvt0Dw4vWW,XXXTENTACION,Revenge,2017,3312
spotify:track:6xGruZOHLs39ZbVccQTuPZ,6xGruZOHLs39ZbVccQTuPZ,Joji,Glimpse of Us,2022,1486
spotify:track:58HvfVOeJY7lUuCqF0m3ly,58HvfVOeJY7lUuCqF0m3ly,Elley Duhé,MIDDLE OF THE NIGHT,2020,2216
