track_id,streams_total,streams_is_estimated,playlist_appearances,chart_peak_position,weeks_on_chart,monthly_listeners
spotify:track:0yLdNVWF3Srea0uzk55zFn,1316855716,false,12211,,,
spotify:track:4nrPB8O7Y7wsOCJdgXkthe,,true,0,,,
spotify:track:7oDd86yk8itslrA9HRP2ki,,true,0,,,
spotify:track:1Qrg8KqiBpW07V7PNxwwwL,49884805,false,8109,,,
spotify:track:5ww2BF9slyYgNOk37BlC4u,46825328,false,6804,,,
spotify:track:4uUG5RXrOk84mYEfFvj3cK,75294822,false,0,,,
spotify:track:0WtM2NBVQNNJLh6scP13H8,,true,0,,,
spotify:track:0V3wPSX9ygBnCm8psDIegu,124825787,false,9082,,,
spotify:track:2tTmW7RDtMQtBk7m2rYeSw,50396055,false,0,,,
spotify:track:78Sw5GDo6AlGwTwanjXbGh,30491119,false,3246,,,
spotify:track:65FftemJ1DbbZ45DUfHJXE,430977451,false,1783,,,
spotify:track:3nqQXoyQOWXiESFLlDF1hG,,true,0,,,
spotify:track:1lRtH4FszTrwwlK5gTSbXO,,true,0,,,
spotify:track:2oiixB9QMIzhWaHGVlQx4g,,true,0,,,
spotify:track:1Y3LN4zO1Edc2EluIoSPJN,,true,0,,,
spotify:track:5XeFesFbtLpXzIVDNQP22n,32996699,false,12859,,,
spotify:track:4h9wh7iOZ0GGn8QVp4RAOB,122488638,false,8431,,,
spotify:track:4iZ4pt7kvcaH6Yo8UoZ4s2,16647244,false,2839,,,
spotify:track:3r8RuvgbX9s7ammBn07D3W,3707974,false,1154,,,
spotify:track:0VjIjW4GlUZAMYd2vXMi3b,644287953,false,43899,1.0,90.0,
spotify:track:5Z2MiIZ5I3jJvvmeWMLbOQ,10733718,false,0,,,
spotify:track:4LRPiXqCikLlN15c3yImP7,348668080,false,23575,,,
spotify:track:2mpoNBkngUEwnaKoBhZ0vl,,true,0,,,
spotify:track:1zsPaEkglFvxjAhrM8yhpr,,true,0,,,
spotify:track:1xK59OXxi2TAAAbmZK0kBL,112839982,false,2335,,,
spotify:track:561jH07mF1jHuk7KlaeF0s,15464258,false,12985,11.0,20.0,
spotify:track:1bDbXMyjaUIooNwFE9wn0N,97928728,false,0,,,
spotify:track:5IgjP7X4th6nMNDh4akUHb,65353666,false,3859,,,
spotify:track:73vIOb4Q7YN6HeJTbscRx5,27833633,false,0,,,
spotify:track:2L9N0zZnd37dwF0clgxMGI,293186992,false,3242,,,
spotify:track:38UYeBLfvpnDSG9GznZdnL,,true,0,,,
spotify:track:54ELExv56KCAB4UP9cOCzC,4302587,false,0,,,
spotify:track:0QHEIqNKsMoOY5urbzN48u,34342321,false,3956,,,
spotify:track:5odlY52u43F5BjByhxg7wg,89077530,false,4511,,,
spotify:track:6BePGk3eCan4FqaW2X8Qy3,1875216,false,0,,,
spotify:track:1xzi1Jcr7mEi9K2RfzLOqS,70035649,false,7842,,,
spotify:track:0CYTGMBYkwUxrj1MWDLrC5,345031710,false,2321,,,
spotify:track:6Um358vY92UBv5DloTRX9L,589476,false,0,,,
spotify:track:2K9kZpwD2CzTa6iiSYYOoO,,true,0,,,
spotify:track:1cKHdTo9u0ZymJdPGSh6nq,63562499,false,0,,,
spotify:track:5wxYxygyHpbgv0EXZuqb9V,,true,0,,,
spotify:track:6dgUya35uo964z7GZXM07g,320029,false,2346,,,
spotify:track:59uQI0PADDKeE6UZDTJEe8,429829812,false,2420,,,
spotify:track:55ZATsjPlTeSTNJOuW90pW,,true,0,,,
spotify:track:0u2P5u6lvoDfwTYjAADbn4,,true,0,,,
spotify:track:6G12ZafqofSq7YtrMqUm76,7571267,false,0,,,
spotify:track:1qEmFfgcLObUfQm0j1W2CK,144096811,false,7461,,,
spotify:track:5QO79kh1waicV47BqGRL3g,242055670,false,12688,4.0,19.0,
spotify:track:7lQ8MOhq6IN2w8EYcFNSUk,36410442,false,21081,2.0,20.0,
spotify:track:68Dni7IE4VyPkTOH9mRWHr,734857487,false,21164,36.0,25.0,
spotify:track:0mzsLrUNazBaRfYZfjmpSV,943686,false,0,,,
spotify:track:0tgVpDi06FyKpA1z0VMD4v,180975541,false,16596,1.0,57.0,
spotify:track:6UelLqGlWMcVH1E5c4H7lY,409073262,false,21915,1.0,39.0,
spotify:track:2GAhgAjOhEmItWLfgisyOn,23181366,false,1911,,,
spotify:track:2bRKxuH1o7pTmb1y4GfdEc,,true,0,,,
spotify:track:09mEdoA6zrmBPgTEN5qXmN,185191010,false,11087,4.0,18.0,
spotify:track:2eAvDnpXP5W0cVtiI0PUxV,79089363,false,3423,,,
spotify:track:0nJW01T7XtvILxQgC5J7Wh,17626644,false,2420,1.0,35.0,
spotify:track:2CeKVsFFXG4QzA415QygGb,,true,0,,,
spotify:track:50x1Ic8CaXkYNvjmxe3WXy,411747614,false,1507,,,
spotify:track:4sx6NRwL6Ol3V6m9exwGlQ,147538971,false,1283,,,
spotify:track:5MxFWjuqQIsbNWbMdMdbli,13778260,false,0,,,
spotify:track:5FVd6KXrgO9B3JPmC8OPst,20855935,false,33783,70.0,20.0,
spotify:track:3azJifCSqg9fRij2yKIbWz,42598269,false,2585,,,
spotify:track:3F5CgOj3wFlRv51JsHbxhe,,true,0,,,
spotify:track:7fBv7CLKzipRk6EC6TWHOB,392023505,false,25744,1.0,48.0,
spotify:track:0HqZX76SFLDz2aW8aiqi7G,48025317,false,4198,,,
spotify:track:3WMj8moIAXJhHsyLaqIIHI,146934063,false,3282,,,
spotify:track:5jQI2r1RdgtuT8S3iG8zFC,83226296,false,3763,,,
spotify:track:6OzUIp8KjuwxJnCWkXp1uL,,true,0,,,
spotify:track:1yHVHoz6Ny29gbbWJYVnFt,144584800,false,1553,,,
spotify:track:0a4MMyCrzT0En247IhqZbD,363472647,false,892,,,
spotify:track:3yfqSUWxFvZELEM4PmlwIR,50034425,false,20763,4.0,19.0,
spotify:track:5O2P9iiztwhomNh8xkR9lJ,22434400,false,7124,31.0,20.0,
spotify:track:4woTEX1wYOTGDqNXuavlRC,,true,0,15.0,16.0,
spotify:track:0pqnGHJpmpxLKifKRmU6WP,263375966,false,18986,4.0,52.0,
spotify:track:2rurDawMfoKP4uHyb2kJBt,7558521,false,0,,,
spotify:track:1RDvyOk4WtPCtoqciJwVn8,866620,false,0,,,
spotify:track:6I3mqTwhRpn34SLVafSH7G,163964781,false,5866,32.0,5.0,
spotify:track:1418IuVKQPTYqt7QNJ9RXN,319566866,false,288,,,
spotify:track:0o9zmvc5f3EFApU52PPIyW,,true,0,,,
spotify:track:04CqLjewJiSAqM210vZAmT,,true,0,,,
spotify:track:6dBUzqjtbnIa1TwYbyw5CM,16301804,false,6339,,,
spotify:track:7ef4DlsgrMEH11cDZd32M6,,true,0,,,
spotify:track:1Fid2jjqsHViMX6xNH70hE,571386359,false,3045,,,
spotify:track:38T0tPVZHcPZyhtOcCP7pF,24090906,false,2616,,,
spotify:track:3w3y8KPTfNeOKPiqUTakBh,9535009,false,1622,1.0,36.0,
spotify:track:6Uj1ctrBOjOas8xZXGqKk4,232370353,false,9424,62.0,13.0,
spotify:track:5HCyWlXZPP0y6Gqq8TgA20,,true,0,,,
spotify:track:7qiZfU4dY1lWllzX7mPBI3,348283656,false,32181,1.0,59.0,
spotify:track:50nfwKoDiSYg8zOCREWAm5,173225595,false,10147,7.0,7.0,
spotify:track:2p8IUWQDrpjuFltbdgLOag,57062099,false,8084,20.0,7.0,
spotify:track:4h4QlmocP3IuwYEj2j14p8,100753638,false,0,,,
spotify:track:4xqrdfXkTW4T0RauPLv3WA,222474626,false,6170,46.0,15.0,
spotify:track:1R0a2iXumgCiFb7HEZ7gUE,48446993,false,0,,,
spotify:track:4o6v3Oooyt7HF20idztRD4,,true,0,,,
spotify:track:0T5iIrXA4p5GsubkhuBIKV,98647110,false,4427,,,
spotify:track:5TXDeTFVRVY7Cvt0Dw4vWW,120698497,false,3600,77.0,2.0,
spotify:track:6xGruZOHLs39ZbVccQTuPZ,163315058,false,6330,,,
spotify:track:58HvfVOeJY7lUuCqF0m3ly,59878312,false,4057,,,
